1,"Schütze, Ralf",100
2,"Beekmann, Jens",80
3,"Buß, Ingo",65
4,"Tebben, Rolf",55
5,"Süß, Christian",45
6,"Harms, Enno",35
7,"Küppers, Michael",30
8,"Wüst, Martin",25
9,"Diekmann, Edgar",20
10,"Lawniczak, Elke",20
11,"Neumann, Florian",15
12,"Genssler, Barbara",15
13,"Bethke, Dag",0
14,"Janssen, Michael",0
15,"Noever, Frank",0
16,"Schoon, Jens",0
17,"Simunic, Igor",0
18,"Großhennig, Stephan",0
19,"Ibelings, Hartmut",0
20,"Mandel, Temo",0
21,"Golesko, Ion",0
22,"Schlüter, Manfred",0
23,"Stell, Hermann",0
24,"Kroß, Katrin",0
25,"Wüst, Svenja",0
26,"Ahrens, Thomas",0
27,"Elzein, Pablo",0
28,"Grest, Ingo",0
29,"Bozhkov, Oleksii",0
30,"Kroß, Denis",0
31,"Schmidt-Pflüger, Heidrun",0
32,"Renz, Kay",0
33,"Ringena, Heiko",0
34,"Götemann, Ralf",0
35,"Götz, Hartmut",0
